#animal|sire|dam|birth_date|sex|plz|introg|inb_gen|cryo
433|NA|328|1988-01-01|F|4703|0.03|NA|NA
653|422|NA|1994-01-01|F|2345|0.14|NA|NA
438|216|374|1989-01-01|F|8634|0.14|NA|NA
486|425|1675|1991-01-01|F|2360|0.03|NA|NA
666|84|499|1994-01-01|F|1374|0.05|NA|NA
972|597|582|2000-01-01|F|8926|0.03|NA|NA
222|87|1420|1974-01-01|M|4719|0.03|NA|NA
79|56|1626|1961-01-01|M|3436|0.03|NA|NA
7|1250|1415|1951-01-01|M|2360|0.01|NA|NA
958|527|757|2000-01-01|F|2907|0.08|NA|NA
1076|565|973|2003-01-01|M|6280|0.03|NA|NA
1172|612|993|2005-01-01|F|2345|0.04|NA|NA
696|1269|1539|1995-01-01|M|9437|0.09|NA|NA
385|346|331|1986-01-01|F|1784|0.15|NA|NA
214|1299|1510|1973-01-01|M|2908|0.06|NA|NA
147|1349|1428|1967-01-01|F|2360|0.01|NA|NA
208|1277|1645|1973-01-01|F|2716|0.04|NA|NA
560|334|1557|1993-01-01|M|2127|0.09|NA|NA
250|1291|1549|1977-01-01|M|2853|0.01|NA|NA
227|1291|1366|1975-01-01|M|4717|0.05|NA|NA
186|132|1467|1970-01-01|F|4539|0.1|NA|NA
126|1345|1663|1965-01-01|M|9545|0.13|NA|NA
38|1287|1601|1955-01-01|M|2350|0.14|NA|NA
35|24|1530|1955-01-01|M|7174|0.07|NA|NA
66|49|1662|1959-01-01|M|1665|0.05|NA|NA
22|1303|1473|1953-01-01|M|9240|0.12|NA|NA
121|1319|1587|1965-01-01|M|2336|0.06|NA|NA
132|123|52|1966-01-01|M|2360|0.01|NA|NA
138|128|52|1967-01-01|M|3436|0.08|NA|NA
174|1338|1400|1969-01-01|M|8820|0.15|NA|NA
144|123|1400|1967-01-01|M|2338|0.06|NA|NA
172|117|1426|1969-01-01|M|1618|0.01|NA|NA
120|80|1644|1965-01-01|M|2922|0.02|NA|NA
154|1273|1617|1968-01-01|M|4435|0.04|NA|NA
141|107|1385|1967-01-01|F|2887|0.12|NA|NA
175|132|1453|1969-01-01|M|2807|0.15|NA|NA
190|139|1607|1970-01-01|M|3154|0.07|NA|NA
128|106|81|1965-01-01|M|4422|0.15|NA|NA
123|47|1659|1965-01-01|M|1797|0.13|NA|NA
167|87|114|1969-01-01|M|6197|0.06|NA|NA
69|1336|1536|1960-01-01|M|2537|0.03|NA|NA
181|144|1391|1970-01-01|M|2360|0.15|NA|NA
150|107|1577|1967-01-01|F|2812|0.02|NA|NA
178|1338|1657|1970-01-01|F|2735|0.06|NA|NA
712|261|378|1995-01-01|F|1753|0.1|NA|NA
137|1298|1431|1966-01-01|M|2345|0.03|NA|NA
729|134|451|1995-01-01|F|1735|0.08|NA|NA
538|419|443|1992-01-01|M|2873|0.14|NA|NA
680|497|443|1995-01-01|M|2338|0.12|NA|NA
705|261|478|1995-01-01|F|1715|0.01|NA|NA
731|143|456|1996-01-01|F|3930|0.07|NA|NA
682|134|471|1995-01-01|F|1613|0.11|NA|NA
785|143|544|1996-01-01|F|5102|0.14|NA|NA
784|497|516|1996-01-01|F|6196|0.13|NA|NA
768|283|513|1996-01-01|F|2856|0.01|NA|NA
708|297|543|1995-01-01|F|3043|0.01|NA|NA
689|112|557|1995-01-01|F|1634|0.08|NA|NA
704|197|555|1995-01-01|F|2873|0.09|NA|NA
683|283|537|1995-01-01|F|3508|0.05|NA|NA
758|297|521|1996-01-01|F|2364|0.06|NA|NA
698|210|608|1995-01-01|F|2907|0.06|NA|NA
724|143|554|1995-01-01|F|6019|0.01|NA|NA
780|497|522|1996-01-01|F|9107|0.02|NA|NA
29|1267|1603|1954-01-01|M|1634|0.13|NA|NA
717|1338|1566|1995-01-01|M|2350|0.12|NA|NA
453|334|363|1989-01-01|M|4254|0.05|NA|NA
753|78|486|1996-01-01|M|2738|0.13|NA|NA
182|1310|141|1970-01-01|F|6060|0.15|NA|NA
347|138|1503|1984-01-01|F|3132|0.1|NA|NA
367|138|1562|1985-01-01|F|9536|0.11|NA|NA
425|120|363|1988-01-01|M|2714|0.14|NA|NA
540|138|1612|1992-01-01|F|1682|0.01|NA|NA
597|138|381|1993-01-01|M|2807|0.08|NA|NA
502|138|1541|1991-01-01|M|5073|0.04|NA|NA
616|138|409|1993-01-01|F|1484|0.06|NA|NA
535|138|469|1992-01-01|F|8892|0.04|NA|NA
550|138|1666|1992-01-01|F|2605|0.05|NA|NA
525|138|1461|1992-01-01|M|2907|0.12|NA|NA
248|1279|1375|1977-01-01|M|1735|0.03|NA|NA
153|1229|1579|1968-01-01|F|4717|0.05|NA|NA
211|1291|156|1973-01-01|M|3638|0.15|NA|NA
196|1245|163|1971-01-01|F|2360|0.13|NA|NA
558|1286|1604|1992-01-01|M|6133|0.08|NA|NA
228|1294|135|1975-01-01|F|3618|0.08|NA|NA
215|1260|170|1973-01-01|F|3462|0.15|NA|NA
230|1356|1572|1975-01-01|M|8535|0.05|NA|NA
206|1272|183|1972-01-01|F|3755|0.03|NA|NA
57|1233|1445|1958-01-01|F|2364|0.01|NA|NA
237|1231|194|1976-01-01|M|2516|0.02|NA|NA
283|1350|1417|1979-01-01|M|2024|0.03|NA|NA
130|69|1486|1966-01-01|M|3144|0.13|NA|NA
239|138|1498|1976-01-01|F|4202|0.15|NA|NA
210|1291|1565|1973-01-01|M|2732|0.09|NA|NA
332|227|1581|1983-01-01|M|1797|0.14|NA|NA
363|138|1489|1985-01-01|F|3322|0.06|NA|NA
238|138|1684|1976-01-01|F|2856|0.14|NA|NA
256|138|1402|1977-01-01|F|8820|0.06|NA|NA
285|172|1595|1979-01-01|F|2360|0.09|NA|NA
170|1281|1513|1969-01-01|F|3663|0.11|NA|NA
529|138|1669|1992-01-01|F|9473|0.11|NA|NA
350|138|1571|1984-01-01|F|1485|0.04|NA|NA
368|250|320|1985-01-01|F|3425|0.11|NA|NA
357|138|1438|1984-01-01|F|6313|0.08|NA|NA
163|1362|1469|1968-01-01|F|3068|0.04|NA|NA
266|138|195|1978-01-01|M|2714|0.13|NA|NA
334|1351|195|1983-01-01|M|3126|0.12|NA|NA
231|1328|1499|1976-01-01|M|2615|0.05|NA|NA
301|1291|1632|1980-01-01|M|2932|0.15|NA|NA
286|1253|218|1979-01-01|M|1892|0.12|NA|NA
289|172|1381|1979-01-01|F|4617|0.06|NA|NA
276|1327|1676|1979-01-01|M|9064|0.11|NA|NA
244|1259|1676|1977-01-01|M|2832|0.12|NA|NA
275|172|1665|1979-01-01|F|3538|0.13|NA|NA
624|112|401|1994-01-01|M|3993|0.07|NA|NA
543|138|415|1992-01-01|F|6192|0.12|NA|NA
627|112|410|1994-01-01|F|2605|0.14|NA|NA
261|1253|1398|1978-01-01|M|1485|0.08|NA|NA
297|214|1456|1980-01-01|M|2855|0.13|NA|NA
639|112|443|1994-01-01|M|4713|0.09|NA|NA
656|112|512|1994-01-01|M|2886|0.13|NA|NA
381|250|296|1986-01-01|F|2362|0.12|NA|NA
390|250|1655|1986-01-01|F|3045|0.07|NA|NA
224|115|1408|1974-01-01|F|2362|0.01|NA|NA
193|118|1618|1971-01-01|F|7545|0.02|NA|NA
131|1311|1412|1966-01-01|F|3153|0.12|NA|NA
233|158|1487|1976-01-01|F|3155|0.08|NA|NA
278|200|186|1979-01-01|F|9050|0.15|NA|NA
216|139|1643|1973-01-01|M|1670|0.13|NA|NA
45|1300|1492|1956-01-01|M|1616|0.1|NA|NA
136|49|1509|1966-01-01|F|1724|0.04|NA|NA
104|1251|1475|1963-01-01|F|2345|0.09|NA|NA
161|87|1436|1968-01-01|M|2360|0.15|NA|NA
39|1292|1582|1955-01-01|M|2807|0.06|NA|NA
129|1261|1677|1965-01-01|F|2915|0.08|NA|NA
84|1293|1474|1961-01-01|M|4464|0.05|NA|NA
284|1268|147|1979-01-01|M|2720|0.03|NA|NA
225|1343|1399|1974-01-01|F|2345|0.12|NA|NA
219|1343|1463|1974-01-01|F|1660|0.12|NA|NA
157|64|1547|1968-01-01|F|7143|0.14|NA|NA
209|107|1678|1973-01-01|F|4719|0.01|NA|NA
292|1243|208|1979-01-01|M|3543|0.07|NA|NA
343|211|1442|1983-01-01|F|3067|0.03|NA|NA
429|272|1397|1988-01-01|F|3264|0.07|NA|NA
573|217|325|1993-01-01|F|1735|0.03|NA|NA
290|1361|1403|1979-01-01|M|2907|0.15|NA|NA
402|284|342|1987-01-01|F|1688|0.02|NA|NA
364|272|333|1985-01-01|F|2873|0.04|NA|NA
571|283|333|1993-01-01|M|3132|0.13|NA|NA
582|197|331|1993-01-01|F|2603|0.06|NA|NA
580|197|331|1993-01-01|F|6170|0.09|NA|NA
397|297|1538|1987-01-01|F|2714|0.05|NA|NA
673|272|359|1995-01-01|F|3454|0.15|NA|NA
581|332|359|1993-01-01|F|2883|0.11|NA|NA
430|216|349|1988-01-01|M|6277|0.08|NA|NA
431|164|356|1988-01-01|M|4937|0.08|NA|NA
436|302|1525|1989-01-01|M|3537|0.11|NA|NA
384|284|1619|1986-01-01|F|6055|0.1|NA|NA
394|265|347|1987-01-01|F|2336|0.09|NA|NA
435|302|367|1989-01-01|F|1808|0.15|NA|NA
188|1264|1534|1970-01-01|M|2824|0.07|NA|NA
479|334|363|1990-01-01|M|2803|0.14|NA|NA
586|125|363|1993-01-01|M|7546|0.08|NA|NA
410|284|1495|1987-01-01|F|1719|0.1|NA|NA
413|250|379|1988-01-01|F|3087|0.04|NA|NA
264|1350|202|1978-01-01|M|1338|0.07|NA|NA
272|167|198|1978-01-01|M|2905|0.15|NA|NA
506|405|411|1991-01-01|F|2345|0.08|NA|NA
700|165|424|1995-01-01|M|2718|0.04|NA|NA
634|112|445|1994-01-01|M|2364|0.06|NA|NA
832|597|557|1997-01-01|F|3551|0.03|NA|NA
703|210|588|1995-01-01|F|1338|0.11|NA|NA
837|527|569|1997-01-01|F|6418|0.01|NA|NA
311|222|278|1981-01-01|F|8354|0.11|NA|NA
112|1332|58|1964-01-01|M|2360|0.01|NA|NA
493|125|363|1991-01-01|M|2333|0.02|NA|NA
439|216|1518|1989-01-01|M|2800|0.11|NA|NA
417|265|364|1988-01-01|F|2716|0.07|NA|NA
475|302|1468|1990-01-01|F|2807|0.14|NA|NA
465|164|1573|1990-01-01|F|4937|0.11|NA|NA
598|479|1573|1993-01-01|F|6017|0.14|NA|NA
122|1312|1376|1965-01-01|M|2735|0.06|NA|NA
469|216|1370|1990-01-01|F|3426|0.14|NA|NA
600|457|1471|1993-01-01|F|2338|0.1|NA|NA
466|164|390|1990-01-01|M|1615|0.07|NA|NA
499|265|1620|1991-01-01|F|3537|0.07|NA|NA
577|231|1648|1993-01-01|M|3158|0.09|NA|NA
658|497|1648|1994-01-01|F|2907|0.05|NA|NA
441|302|381|1989-01-01|F|2885|0.07|NA|NA
427|134|381|1988-01-01|F|5236|0.09|NA|NA
528|334|381|1992-01-01|F|3096|0.01|NA|NA
507|300|381|1991-01-01|M|1738|0.11|NA|NA
490|261|1390|1991-01-01|F|2333|0.01|NA|NA
497|80|376|1991-01-01|M|1736|0.14|NA|NA
487|425|384|1991-01-01|F|2353|0.03|NA|NA
545|272|384|1992-01-01|M|1738|0.15|NA|NA
463|134|383|1990-01-01|F|6113|0.01|NA|NA
762|493|409|1996-01-01|M|3418|0.03|NA|NA
679|502|409|1995-01-01|M|2856|0.1|NA|NA
454|216|1608|1989-01-01|F|3434|0.04|NA|NA
548|164|374|1992-01-01|F|7536|0.04|NA|NA
477|300|374|1990-01-01|F|2716|0.09|NA|NA
485|300|402|1991-01-01|F|2723|0.09|NA|NA
595|272|1419|1993-01-01|M|1587|0.1|NA|NA
461|216|1628|1990-01-01|M|3550|0.11|NA|NA
593|444|394|1993-01-01|M|2515|0.07|NA|NA
547|164|394|1992-01-01|F|2800|0.01|NA|NA
534|334|1552|1992-01-01|F|6125|0.05|NA|NA
476|134|1507|1990-01-01|F|1735|0.15|NA|NA
587|479|407|1993-01-01|F|2718|0.15|NA|NA
628|422|407|1994-01-01|F|2610|0.1|NA|NA
481|1263|432|1990-01-01|F|1793|0.12|NA|NA
617|231|432|1993-01-01|F|2856|0.04|NA|NA
602|425|1621|1993-01-01|M|6713|0.05|NA|NA
609|425|417|1993-01-01|M|1485|0.12|NA|NA
554|334|433|1992-01-01|F|4452|0.13|NA|NA
562|425|433|1993-01-01|F|2830|0.14|NA|NA
468|300|433|1990-01-01|F|6713|0.09|NA|NA
629|180|416|1994-01-01|F|2333|0.01|NA|NA
458|216|1532|1990-01-01|F|7536|0.05|NA|NA
536|231|1680|1992-01-01|M|5619|0.13|NA|NA
470|216|1560|1990-01-01|F|4432|0.01|NA|NA
459|216|427|1990-01-01|F|2863|0.1|NA|NA
524|231|1418|1992-01-01|F|5272|0.01|NA|NA
483|425|1558|1991-01-01|F|3088|0.15|NA|NA
605|231|1568|1993-01-01|F|1714|0.13|NA|NA
786|493|469|1996-01-01|F|3076|0.07|NA|NA
722|502|475|1995-01-01|F|2610|0.14|NA|NA
863|609|475|1998-01-01|F|7246|0.06|NA|NA
607|84|475|1993-01-01|M|9108|0.08|NA|NA
755|493|475|1996-01-01|M|9248|0.12|NA|NA
814|527|475|1997-01-01|M|6170|0.02|NA|NA
488|300|435|1991-01-01|F|1791|0.1|NA|NA
648|418|435|1994-01-01|M|3552|0.13|NA|NA
520|479|454|1992-01-01|F|6289|0.09|NA|NA
625|210|454|1994-01-01|F|2405|0.01|NA|NA
159|1264|1519|1968-01-01|F|4719|0.01|NA|NA
273|1268|219|1978-01-01|M|3907|0.05|NA|NA
632|210|441|1994-01-01|F|1126|0.14|NA|NA
603|444|481|1993-01-01|F|2887|0.07|NA|NA
775|130|465|1996-01-01|F|2903|0.14|NA|NA
811|609|465|1997-01-01|F|1264|0.01|NA|NA
726|493|465|1995-01-01|F|6197|0.01|NA|NA
552|272|1413|1992-01-01|F|1485|0.06|NA|NA
574|479|463|1993-01-01|F|2722|0.03|NA|NA
570|479|1583|1993-01-01|F|4242|0.12|NA|NA
710|143|468|1995-01-01|M|1073|0.06|NA|NA
644|84|468|1994-01-01|F|2885|0.1|NA|NA
736|197|480|1996-01-01|M|3995|0.06|NA|NA
967|597|480|2000-01-01|F|1725|0.07|NA|NA
671|134|480|1995-01-01|F|9200|0.1|NA|NA
596|84|480|1993-01-01|F|6125|0.09|NA|NA
822|461|480|1997-01-01|F|3453|0.06|NA|NA
898|461|480|1999-01-01|M|3452|0.12|NA|NA
887|461|480|1998-01-01|F|2350|0.13|NA|NA
803|609|476|1997-01-01|F|3532|0.03|NA|NA
589|173|1586|1993-01-01|F|2914|0.08|NA|NA
568|112|477|1993-01-01|M|2853|0.04|NA|NA
767|283|458|1996-01-01|F|6315|0.1|NA|NA
725|493|1622|1995-01-01|F|6535|0.15|NA|NA
619|173|459|1993-01-01|M|4717|0.05|NA|NA
909|597|470|1999-01-01|M|6418|0.01|NA|NA
721|283|470|1995-01-01|F|3672|0.12|NA|NA
590|497|470|1993-01-01|M|2516|0.11|NA|NA
763|210|470|1996-01-01|M|3623|0.12|NA|NA
831|597|470|1997-01-01|M|2882|0.1|NA|NA
687|197|1435|1995-01-01|F|3531|0.01|NA|NA
611|497|1435|1993-01-01|F|6010|0.09|NA|NA
752|261|499|1996-01-01|F|6196|0.08|NA|NA
727|143|499|1995-01-01|M|2852|0.04|NA|NA
565|112|1531|1993-01-01|M|2748|0.11|NA|NA
620|180|485|1993-01-01|M|2338|0.03|NA|NA
751|134|485|1996-01-01|F|3087|0.14|NA|NA
650|210|490|1994-01-01|F|1623|0.02|NA|NA
728|502|490|1995-01-01|F|2336|0.11|NA|NA
642|197|348|1994-01-01|M|6052|0.03|NA|NA
675|283|348|1995-01-01|F|1753|0.05|NA|NA
709|197|360|1995-01-01|F|2883|0.14|NA|NA
640|261|360|1994-01-01|F|2362|0.15|NA|NA
546|322|360|1992-01-01|F|9050|0.07|NA|NA
542|1339|362|1992-01-01|M|3154|0.14|NA|NA
667|261|362|1994-01-01|F|2740|0.1|NA|NA
637|261|387|1994-01-01|F|3551|0.05|NA|NA
695|197|387|1995-01-01|M|1667|0.09|NA|NA
718|493|400|1995-01-01|M|2914|0.08|NA|NA
530|1353|400|1992-01-01|M|2345|0.08|NA|NA
815|643|486|1997-01-01|F|6170|0.13|NA|NA
685|502|486|1995-01-01|F|2824|0.14|NA|NA
854|643|486|1998-01-01|F|1797|0.11|NA|NA
576|173|488|1993-01-01|F|8916|0.1|NA|NA
678|134|488|1995-01-01|F|3264|0.08|NA|NA
739|297|488|1996-01-01|F|1688|0.04|NA|NA
791|643|487|1997-01-01|F|2610|0.13|NA|NA
720|134|487|1995-01-01|F|2906|0.06|NA|NA
563|112|483|1993-01-01|F|3048|0.15|NA|NA
870|643|483|1998-01-01|F|2354|0.15|NA|NA
788|643|483|1997-01-01|F|2886|0.07|NA|NA
740|130|483|1996-01-01|F|1338|0.08|NA|NA
690|134|483|1995-01-01|F|2345|0.03|NA|NA
630|210|412|1994-01-01|F|2885|0.09|NA|NA
782|444|412|1996-01-01|F|8967|0.07|NA|NA
723|197|412|1995-01-01|F|2405|0.07|NA|NA
661|297|396|1994-01-01|M|1595|0.15|NA|NA
688|197|396|1995-01-01|F|1124|0.12|NA|NA
515|446|396|1992-01-01|M|1255|0.04|NA|NA
651|210|423|1994-01-01|M|2720|0.02|NA|NA
649|261|420|1994-01-01|F|1695|0.1|NA|NA
662|261|434|1994-01-01|M|2747|0.01|NA|NA
760|124|491|1996-01-01|M|1792|0.13|NA|NA
270|1296|225|1978-01-01|M|3251|0.07|NA|NA
778|283|534|1996-01-01|M|6170|0.02|NA|NA
928|553|534|1999-01-01|F|3097|0.05|NA|NA
969|496|534|2000-01-01|M|8634|0.04|NA|NA
746|101|540|1996-01-01|F|1752|0.11|NA|NA
692|283|528|1995-01-01|F|2887|0.13|NA|NA
621|197|355|1994-01-01|F|2907|0.07|NA|NA
674|134|546|1995-01-01|M|2336|0.14|NA|NA
719|515|524|1995-01-01|F|1782|0.13|NA|NA
676|530|1501|1995-01-01|F|2616|0.06|NA|NA
47|1360|1393|1956-01-01|M|5728|0.15|NA|NA
840|531|615|1997-01-01|F|2732|0.12|NA|NA
879|527|615|1998-01-01|F|2855|0.13|NA|NA
738|493|535|1996-01-01|F|3072|0.02|NA|NA
796|662|535|1997-01-01|F|9225|0.08|NA|NA
636|527|552|1994-01-01|M|8497|0.13|NA|NA
733|261|552|1996-01-01|F|3537|0.14|NA|NA
926|553|520|1999-01-01|F|2807|0.04|NA|NA
952|496|520|2000-01-01|F|2515|0.03|NA|NA
759|297|616|1996-01-01|F|2732|0.06|NA|NA
806|553|570|1997-01-01|F|2857|0.02|NA|NA
699|297|570|1995-01-01|M|3907|0.11|NA|NA
910|553|574|1999-01-01|F|1669|0.03|NA|NA
886|553|574|1998-01-01|F|2360|0.1|NA|NA
829|553|598|1997-01-01|F|2360|0.06|NA|NA
1033|496|605|2002-01-01|M|3087|0.13|NA|NA
804|496|605|1997-01-01|M|1699|0.13|NA|NA
994|496|605|2001-01-01|M|9116|0.09|NA|NA
951|496|605|2000-01-01|F|8846|0.11|NA|NA
869|496|605|1998-01-01|F|2360|0.07|NA|NA
931|496|605|1999-01-01|F|1670|0.02|NA|NA
670|197|617|1995-01-01|M|3433|0.07|NA|NA
874|553|587|1998-01-01|F|2345|0.04|NA|NA
914|553|587|1999-01-01|F|2807|0.02|NA|NA
843|553|587|1997-01-01|F|1873|0.09|NA|NA
828|643|562|1997-01-01|F|3673|0.08|NA|NA
877|643|562|1998-01-01|M|6018|0.12|NA|NA
783|197|562|1996-01-01|M|7536|0.03|NA|NA
929|643|562|1999-01-01|F|2350|0.11|NA|NA
715|297|600|1995-01-01|F|2713|0.06|NA|NA
847|597|582|1998-01-01|F|2932|0.08|NA|NA
834|597|582|1997-01-01|F|8843|0.07|NA|NA
940|597|582|2000-01-01|F|2855|0.03|NA|NA
912|597|580|1999-01-01|F|6197|0.08|NA|NA
769|444|580|1996-01-01|F|7451|0.04|NA|NA
200|1358|1516|1972-01-01|M|6133|0.14|NA|NA
199|1264|1522|1972-01-01|M|2882|0.07|NA|NA
750|444|650|1996-01-01|F|2345|0.13|NA|NA
918|461|666|1999-01-01|M|2914|0.08|NA|NA
748|444|666|1996-01-01|F|2350|0.01|NA|NA
883|575|623|1998-01-01|F|7324|0.02|NA|NA
821|651|635|1997-01-01|F|6019|0.12|NA|NA
851|651|635|1998-01-01|M|2345|0.14|NA|NA
968|575|635|2000-01-01|F|6144|0.06|NA|NA
797|444|625|1997-01-01|F|6022|0.02|NA|NA
884|614|652|1998-01-01|M|2807|0.01|NA|NA
761|662|652|1996-01-01|F|2853|0.04|NA|NA
865|575|652|1998-01-01|M|3672|0.03|NA|NA
971|610|652|2000-01-01|F|1797|0.07|NA|NA
964|597|626|2000-01-01|F|4452|0.04|NA|NA
881|597|626|1998-01-01|M|1485|0.09|NA|NA
800|527|626|1997-01-01|M|2364|0.06|NA|NA
789|531|706|1997-01-01|F|2714|0.09|NA|NA
845|597|687|1998-01-01|F|2405|0.01|NA|NA
956|643|720|2000-01-01|M|2886|0.05|NA|NA
841|643|720|1997-01-01|F|9562|0.02|NA|NA
903|609|720|1999-01-01|F|3604|0.01|NA|NA
986|643|720|2001-01-01|F|2345|0.14|NA|NA
820|444|630|1997-01-01|F|4229|0.12|NA|NA
801|531|649|1997-01-01|M|2855|0.02|NA|NA
779|531|649|1996-01-01|M|6418|0.11|NA|NA
913|527|649|1999-01-01|F|1618|0.07|NA|NA
894|651|653|1998-01-01|F|4143|0.1|NA|NA
756|651|653|1996-01-01|F|2364|0.14|NA|NA
860|527|673|1998-01-01|M|6535|0.08|NA|NA
824|527|673|1997-01-01|F|9502|0.12|NA|NA
875|527|667|1998-01-01|F|3251|0.04|NA|NA
794|531|667|1997-01-01|M|3416|0.12|NA|NA
766|531|667|1996-01-01|F|3413|0.13|NA|NA
776|531|640|1996-01-01|F|3647|0.06|NA|NA
836|531|675|1997-01-01|M|5613|0.07|NA|NA
892|527|675|1998-01-01|M|1683|0.14|NA|NA
944|527|675|2000-01-01|M|3416|0.08|NA|NA
1003|527|675|2001-01-01|M|2735|0.13|NA|NA
864|651|678|1998-01-01|F|3280|0.04|NA|NA
891|651|678|1998-01-01|F|9064|0.01|NA|NA
905|662|685|1999-01-01|F|1735|0.06|NA|NA
1011|527|685|2001-01-01|F|2340|0.03|NA|NA
959|527|685|2000-01-01|F|9444|0.03|NA|NA
962|527|685|2000-01-01|M|1623|0.14|NA|NA
1039|530|685|2002-01-01|F|9204|0.13|NA|NA
849|662|685|1998-01-01|F|2736|0.05|NA|NA
146|66|82|1967-01-01|F|1613|0.07|NA|NA
102|47|1580|1963-01-01|M|6022|0.06|NA|NA
911|1270|1667|1999-01-01|M|2350|0.09|NA|NA
279|1230|1687|1979-01-01|M|1933|0.11|NA|NA
184|102|1380|1970-01-01|F|1623|0.02|NA|NA
241|1237|1439|1976-01-01|M|2360|0.04|NA|NA
202|1262|166|1972-01-01|F|4573|0.07|NA|NA
240|79|1512|1976-01-01|M|3623|0.11|NA|NA
96|1355|1629|1962-01-01|F|2362|0.12|NA|NA
218|1335|162|1973-01-01|F|2718|0.13|NA|NA
198|102|152|1972-01-01|F|2856|0.09|NA|NA
187|87|119|1970-01-01|M|2856|0.1|NA|NA
194|1357|1407|1971-01-01|F|6710|0.04|NA|NA
119|1247|109|1965-01-01|F|6535|0.15|NA|NA
168|1306|1514|1969-01-01|F|1726|0.1|NA|NA
213|1338|1661|1973-01-01|M|2538|0.05|NA|NA
192|117|159|1971-01-01|M|2336|0.14|NA|NA
185|72|131|1970-01-01|F|2556|0.15|NA|NA
197|139|169|1972-01-01|M|2360|0.09|NA|NA
124|35|96|1965-01-01|M|2824|0.07|NA|NA
217|133|1533|1973-01-01|M|2887|0.1|NA|NA
26|1290|1520|1953-01-01|M|3065|0.09|NA|NA
1|1333|1430|1950-01-01|F|2812|0.05|NA|NA
825|575|702|1997-01-01|F|2886|0.07|NA|NA
904|575|702|1999-01-01|F|5074|0.07|NA|NA
74|1235|1365|1960-01-01|M|1450|0.02|NA|NA
37|26|1683|1955-01-01|M|1450|0.01|NA|NA
341|1325|1494|1983-01-01|M|2360|0.09|NA|NA
265|189|196|1978-01-01|M|8820|0.15|NA|NA
71|37|1441|1960-01-01|M|1933|0.12|NA|NA
242|1237|153|1976-01-01|M|2350|0.11|NA|NA
5|1309|1693|1951-01-01|M|2713|0.13|NA|NA
41|5|1664|1955-01-01|M|2800|0.13|NA|NA
62|1246|1567|1959-01-01|F|2887|0.04|NA|NA
23|1329|1433|1953-01-01|M|3537|0.02|NA|NA
28|1240|1440|1954-01-01|F|1738|0.14|NA|NA
25|7|1387|1953-01-01|F|2360|0.07|NA|NA
12|1316|1377|1952-01-01|M|1717|0.1|NA|NA
31|1314|1367|1954-01-01|M|2350|0.01|NA|NA
4|1333|1650|1950-01-01|F|1143|0.08|NA|NA
145|87|1511|1967-01-01|M|6162|0.09|NA|NA
15|1248|1634|1952-01-01|M|5063|0.09|NA|NA
8|1248|1488|1952-01-01|M|3792|0.1|NA|NA
16|1297|1481|1952-01-01|M|2944|0.03|NA|NA
189|47|155|1970-01-01|M|4938|0.04|NA|NA
245|1340|1462|1977-01-01|M|2333|0.07|NA|NA
9|1275|1631|1952-01-01|M|1724|0.09|NA|NA
65|34|1631|1959-01-01|M|2888|0.11|NA|NA
2|1342|1401|1950-01-01|F|2333|0.14|NA|NA
49|41|1663|1957-01-01|M|6207|0.11|NA|NA
24|1316|1668|1953-01-01|M|4914|0.01|NA|NA
36|13|1551|1955-01-01|M|8577|0.1|NA|NA
14|1283|1388|1952-01-01|M|3553|0.06|NA|NA
64|1341|1691|1959-01-01|M|3272|0.07|NA|NA
27|1331|1575|1953-01-01|M|1862|0.09|NA|NA
68|1324|1575|1959-01-01|M|6182|0.08|NA|NA
203|94|1600|1972-01-01|M|2803|0.01|NA|NA
32|21|1653|1955-01-01|M|2316|0.05|NA|NA
51|36|1653|1957-01-01|M|6113|0.12|NA|NA
207|94|1639|1972-01-01|M|2830|0.07|NA|NA
17|1338|1642|1952-01-01|M|2336|0.01|NA|NA
18|1238|1396|1953-01-01|F|3944|0.02|NA|NA
33|23|1384|1955-01-01|M|2856|0.04|NA|NA
20|1308|1452|1953-01-01|M|2905|0.09|NA|NA
10|1316|1647|1952-01-01|M|2762|0.07|NA|NA
3|1241|1548|1950-01-01|M|2745|0.1|NA|NA
30|6|1548|1954-01-01|M|6535|0.04|NA|NA
46|1278|1658|1956-01-01|M|4718|0.11|NA|NA
54|33|1491|1957-01-01|M|2908|0.11|NA|NA
90|35|1496|1962-01-01|M|3766|0.07|NA|NA
6|1244|1599|1951-01-01|M|2883|0.02|NA|NA
13|1322|1611|1952-01-01|M|2857|0.06|NA|NA
925|597|709|1999-01-01|F|3251|0.03|NA|NA
922|597|709|1999-01-01|M|8909|0.07|NA|NA
888|575|782|1998-01-01|M|2807|0.06|NA|NA
171|89|1543|1969-01-01|M|2360|0.09|NA|NA
21|NA|1444|1953-01-01|M|2717|0.02|NA|NA
936|610|701|1999-01-01|F|2360|0.08|NA|NA
868|496|692|1998-01-01|M|3154|0.13|NA|NA
933|527|692|1999-01-01|M|1634|0.03|NA|NA
861|461|715|1998-01-01|M|3942|0.11|NA|NA
846|461|715|1998-01-01|M|5057|0.08|NA|NA
915|496|757|1999-01-01|F|9243|0.14|NA|NA
872|527|787|1998-01-01|F|5618|0.04|NA|NA
920|474|770|1999-01-01|F|2855|0.15|NA|NA
975|496|770|2001-01-01|F|9402|0.09|NA|NA
1095|612|732|2003-01-01|F|2340|0.15|NA|NA
1053|575|732|2002-01-01|M|3225|0.14|NA|NA
954|643|732|2000-01-01|F|2905|0.01|NA|NA
1028|575|751|2002-01-01|M|3439|0.06|NA|NA
1080|530|751|2003-01-01|F|5634|0.1|NA|NA
935|643|775|1999-01-01|F|3663|0.11|NA|NA
882|609|775|1998-01-01|M|3125|0.05|NA|NA
871|597|764|1998-01-01|F|2856|0.06|NA|NA
970|527|733|2000-01-01|F|2885|0.08|NA|NA
943|643|740|2000-01-01|F|2812|0.09|NA|NA
876|449|786|1998-01-01|F|9556|0.04|NA|NA
889|461|759|1998-01-01|F|6016|0.07|NA|NA
961|496|766|2000-01-01|F|3672|0.12|NA|NA
852|553|766|1998-01-01|F|3042|0.06|NA|NA
1008|496|766|2001-01-01|F|7503|0.14|NA|NA
923|496|766|1999-01-01|M|9107|0.11|NA|NA
844|575|748|1998-01-01|M|9437|0.11|NA|NA
930|597|735|1999-01-01|F|1736|0.12|NA|NA
919|597|735|1999-01-01|F|1867|0.09|NA|NA
906|597|772|1999-01-01|F|3416|0.03|NA|NA
896|597|772|1998-01-01|F|2857|0.08|NA|NA
11|1316|1|1952-01-01|M|5054|0.02|NA|NA
86|1232|1574|1961-01-01|M|2883|0.02|NA|NA
105|67|1484|1963-01-01|M|2338|0.1|NA|NA
148|89|1670|1967-01-01|M|2748|0.03|NA|NA
179|113|1609|1970-01-01|M|2533|0.05|NA|NA
50|1266|1596|1957-01-01|M|9243|0.02|NA|NA
176|113|1409|1970-01-01|M|2360|0.03|NA|NA
52|24|1682|1957-01-01|F|2812|0.11|NA|NA
19|1337|1472|1953-01-01|M|2738|0.08|NA|NA
73|49|1476|1960-01-01|M|3427|0.03|NA|NA
858|553|776|1998-01-01|F|6513|0.07|NA|NA
901|496|776|1999-01-01|M|3766|0.04|NA|NA
1044|597|750|2002-01-01|F|2345|0.02|NA|NA
982|597|750|2001-01-01|F|2360|0.11|NA|NA
1019|643|756|2002-01-01|M|2345|0.06|NA|NA
1174|911|756|2005-01-01|M|3773|0.02|NA|NA
1119|700|756|2004-01-01|F|2338|0.12|NA|NA
1133|700|756|2004-01-01|M|4228|0.06|NA|NA
1101|530|756|2003-01-01|F|4254|0.13|NA|NA
1090|651|765|2003-01-01|F|2855|0.13|NA|NA
983|643|765|2001-01-01|M|2735|0.1|NA|NA
1049|643|765|2002-01-01|M|3322|0.02|NA|NA
932|575|765|1999-01-01|F|2556|0.11|NA|NA
1064|651|765|2003-01-01|F|2336|0.02|NA|NA
948|527|761|2000-01-01|F|2800|0.07|NA|NA
950|643|747|2000-01-01|F|3537|0.14|NA|NA
1024|597|821|2002-01-01|F|9425|0.02|NA|NA
924|496|821|1999-01-01|F|4719|0.07|NA|NA
949|597|821|2000-01-01|F|2360|0.07|NA|NA
1157|565|795|2005-01-01|F|2360|0.07|NA|NA
1032|527|795|2002-01-01|M|4803|0.02|NA|NA
1071|674|795|2003-01-01|M|2827|0.12|NA|NA
1131|612|795|2004-01-01|F|2340|0.11|NA|NA
1198|654|795|2006-01-01|M|6064|0.06|NA|NA
1055|651|843|2003-01-01|M|3088|0.07|NA|NA
1030|575|843|2002-01-01|F|2887|0.05|NA|NA
963|597|839|2000-01-01|F|5454|0.06|NA|NA
916|643|830|1999-01-01|F|6156|0.02|NA|NA
988|643|820|2001-01-01|M|6018|0.03|NA|NA
957|643|820|2000-01-01|F|3045|0.13|NA|NA
1092|651|818|2003-01-01|F|6064|0.09|NA|NA
1134|727|818|2004-01-01|M|4900|0.03|NA|NA
1036|527|818|2002-01-01|F|6113|0.13|NA|NA
955|527|818|2000-01-01|F|2747|0.1|NA|NA
1048|643|789|2002-01-01|F|3113|0.02|NA|NA
973|643|789|2000-01-01|F|2340|0.09|NA|NA
1018|496|823|2002-01-01|M|2904|0.09|NA|NA
1096|674|823|2003-01-01|F|3663|0.09|NA|NA
48|1354|1482|1957-01-01|F|2364|0.06|NA|NA
53|1315|1606|1957-01-01|M|8600|0.05|NA|NA
981|496|871|2001-01-01|M|2350|0.04|NA|NA
1029|496|871|2002-01-01|F|1634|0.03|NA|NA
1002|597|853|2001-01-01|F|6112|0.02|NA|NA
1106|661|853|2004-01-01|F|4719|0.14|NA|NA
1016|515|853|2002-01-01|M|6418|0.08|NA|NA
1176|696|853|2005-01-01|F|2882|0.12|NA|NA
1098|612|853|2003-01-01|M|3553|0.05|NA|NA
1216|654|853|2007-01-01|M|9108|0.08|NA|NA
1054|515|876|2003-01-01|F|3067|0.01|NA|NA
999|527|876|2001-01-01|F|6242|0.1|NA|NA
1014|674|857|2002-01-01|F|4617|0.01|NA|NA
1126|571|857|2004-01-01|M|1893|0.07|NA|NA
1038|575|870|2002-01-01|M|7562|0.02|NA|NA
1110|727|870|2004-01-01|F|1485|0.07|NA|NA
1010|527|870|2001-01-01|M|2915|0.03|NA|NA
1052|575|870|2002-01-01|M|2345|0.15|NA|NA
1062|674|852|2003-01-01|F|8916|0.04|NA|NA
1130|510|852|2004-01-01|M|2338|0.03|NA|NA
993|527|852|2001-01-01|F|1716|0.08|NA|NA
997|575|858|2001-01-01|F|1186|0.06|NA|NA
1135|515|858|2004-01-01|F|3995|0.14|NA|NA
1163|727|858|2005-01-01|M|2525|0.03|NA|NA
1068|530|858|2003-01-01|M|1563|0.08|NA|NA
1109|510|928|2004-01-01|F|3462|0.05|NA|NA
1165|727|928|2005-01-01|F|5054|0.15|NA|NA
1193|696|928|2006-01-01|M|2915|0.11|NA|NA
1051|530|928|2002-01-01|F|2362|0.01|NA|NA
990|575|928|2001-01-01|F|1564|0.14|NA|NA
1031|651|914|2002-01-01|F|2336|0.15|NA|NA
992|575|914|2001-01-01|M|4932|0.14|NA|NA
1065|571|914|2003-01-01|M|2613|0.03|NA|NA
977|597|913|2001-01-01|M|2886|0.13|NA|NA
1007|496|925|2001-01-01|F|2353|0.13|NA|NA
991|496|919|2001-01-01|F|3296|0.14|NA|NA
1006|575|938|2001-01-01|M|3274|0.08|NA|NA
1067|651|903|2003-01-01|M|1072|0.03|NA|NA
1102|674|840|2003-01-01|M|4254|0.11|NA|NA
974|643|840|2001-01-01|F|3674|0.1|NA|NA
945|643|790|2000-01-01|F|1485|0.12|NA|NA
989|643|793|2001-01-01|F|2515|0.08|NA|NA
942|643|793|2000-01-01|F|2747|0.06|NA|NA
995|643|895|2001-01-01|F|2857|0.04|NA|NA
976|643|895|2001-01-01|F|3465|0.03|NA|NA
1000|575|874|2001-01-01|F|2350|0.12|NA|NA
1191|654|864|2006-01-01|M|2716|0.13|NA|NA
1087|530|864|2003-01-01|M|2714|0.05|NA|NA
1026|496|864|2002-01-01|F|2024|0.1|NA|NA
1170|777|864|2005-01-01|F|2733|0.01|NA|NA
1078|1338|891|2003-01-01|F|1719|0.08|NA|NA
1153|695|891|2005-01-01|F|2340|0.03|NA|NA
1012|530|891|2002-01-01|M|2360|0.01|NA|NA
984|496|891|2001-01-01|F|2735|0.06|NA|NA
1197|911|891|2006-01-01|F|2723|0.07|NA|NA
1041|575|886|2002-01-01|F|3456|0.09|NA|NA
1079|515|886|2003-01-01|M|6133|0.02|NA|NA
960|496|894|2000-01-01|F|2608|0.13|NA|NA
965|575|869|2000-01-01|F|3256|0.1|NA|NA
1081|530|890|2003-01-01|F|4573|0.02|NA|NA
1040|597|890|2002-01-01|M|2515|0.02|NA|NA
998|597|890|2001-01-01|F|2805|0.02|NA|NA
939|597|890|2000-01-01|F|2907|0.01|NA|NA
987|597|893|2001-01-01|F|3550|0.13|NA|NA
1180|710|1056|2006-01-01|F|2723|0.01|NA|NA
34|14|1556|1955-01-01|M|2364|0.04|NA|NA
107|1280|1506|1964-01-01|M|1618|0.13|NA|NA
63|27|1593|1959-01-01|M|9470|0.06|NA|NA
56|1330|1569|1958-01-01|M|2360|0.09|NA|NA
40|27|1649|1955-01-01|M|4719|0.03|NA|NA
42|13|25|1956-01-01|M|2824|0.04|NA|NA
67|49|25|1959-01-01|M|2843|0.08|NA|NA
980|575|915|2001-01-01|F|4625|0.01|NA|NA
1114|700|926|2004-01-01|M|2908|0.14|NA|NA
1151|700|926|2005-01-01|F|1634|0.13|NA|NA
1009|527|926|2001-01-01|M|2360|0.06|NA|NA
1059|651|926|2003-01-01|M|9216|0.13|NA|NA
1066|651|920|2003-01-01|M|6372|0.02|NA|NA
1005|527|920|2001-01-01|M|2716|0.06|NA|NA
979|575|931|2001-01-01|M|2606|0.12|NA|NA
1089|530|931|2003-01-01|M|3212|0.1|NA|NA
1122|510|931|2004-01-01|M|3088|0.11|NA|NA
978|643|904|2001-01-01|M|2722|0.05|NA|NA
1118|612|921|2004-01-01|M|2906|0.03|NA|NA
1085|515|921|2003-01-01|F|3322|0.09|NA|NA
1105|1338|917|2004-01-01|M|1429|0.13|NA|NA
1017|674|917|2002-01-01|M|3553|0.01|NA|NA
1022|674|906|2002-01-01|F|4451|0.03|NA|NA
1169|565|935|2005-01-01|M|3183|0.08|NA|NA
1204|911|935|2006-01-01|F|2556|0.02|NA|NA
1091|612|935|2003-01-01|M|2362|0.04|NA|NA
1047|530|924|2002-01-01|M|2914|0.14|NA|NA
1074|661|924|2003-01-01|F|5318|0.13|NA|NA
1148|727|924|2005-01-01|M|2873|0.1|NA|NA
1187|654|924|2006-01-01|M|9451|0.07|NA|NA
1034|651|929|2002-01-01|M|4715|0.07|NA|NA
1120|510|912|2004-01-01|F|2516|0.07|NA|NA
1025|530|912|2002-01-01|M|1783|0.07|NA|NA
1104|510|912|2004-01-01|M|1791|0.1|NA|NA
1015|674|932|2002-01-01|F|3293|0.05|NA|NA
1103|661|932|2003-01-01|M|3612|0.05|NA|NA
1132|565|932|2004-01-01|M|4537|0.11|NA|NA
1057|1338|916|2003-01-01|M|2360|0.14|NA|NA
1155|700|916|2005-01-01|M|2855|0.03|NA|NA
1045|530|916|2002-01-01|F|6877|0.1|NA|NA
1046|651|936|2002-01-01|M|4950|0.15|NA|NA
1108|727|936|2004-01-01|F|1136|0.1|NA|NA
1143|727|936|2005-01-01|F|3365|0.15|NA|NA
1084|515|971|2003-01-01|F|3144|0.05|NA|NA
1077|695|963|2003-01-01|M|2364|0.14|NA|NA
1023|674|963|2002-01-01|F|2882|0.01|NA|NA
1113|565|946|2004-01-01|F|2534|0.04|NA|NA
1060|727|946|2003-01-01|F|6122|0.1|NA|NA
1042|530|953|2002-01-01|F|2612|0.07|NA|NA
1147|695|954|2005-01-01|M|6133|0.1|NA|NA
1050|515|954|2002-01-01|M|3772|0.09|NA|NA
1128|571|954|2004-01-01|M|3086|0.14|NA|NA
1070|674|952|2003-01-01|M|2338|0.08|NA|NA
1043|674|951|2002-01-01|M|2360|0.03|NA|NA
1137|1338|951|2005-01-01|M|4229|0.07|NA|NA
1129|727|951|2004-01-01|M|2855|0.01|NA|NA
1100|674|964|2003-01-01|F|1784|0.14|NA|NA
1140|700|964|2005-01-01|F|3453|0.01|NA|NA
1061|727|964|2003-01-01|M|2800|0.12|NA|NA
1037|651|966|2002-01-01|F|3274|0.02|NA|NA
1075|510|967|2003-01-01|M|1736|0.14|NA|NA
1035|530|967|2002-01-01|F|2713|0.11|NA|NA
1020|515|958|2002-01-01|M|4719|0.08|NA|NA
1013|674|948|2002-01-01|M|3672|0.12|NA|NA
1167|571|948|2005-01-01|M|3368|0.03|NA|NA
1158|571|948|2005-01-01|M|3462|0.11|NA|NA
1111|612|970|2004-01-01|M|4719|0.08|NA|NA
1072|515|970|2003-01-01|F|6717|0.03|NA|NA
1160|661|970|2005-01-01|M|4719|0.02|NA|NA
1027|651|968|2002-01-01|F|2360|0.08|NA|NA
1063|510|968|2003-01-01|F|3663|0.02|NA|NA
1139|727|950|2005-01-01|M|2852|0.14|NA|NA
1021|530|950|2002-01-01|M|3766|0.02|NA|NA
44|30|1672|1956-01-01|F|5630|0.11|NA|NA
59|35|1690|1958-01-01|F|1740|0.06|NA|NA
95|45|1450|1962-01-01|F|2516|0.03|NA|NA
88|67|1500|1962-01-01|M|2906|0.06|NA|NA
72|1321|1497|1960-01-01|M|3436|0.1|NA|NA
100|86|62|1963-01-01|F|2720|0.1|NA|NA
43|32|18|1956-01-01|M|2908|0.14|NA|NA
232|188|1411|1976-01-01|F|4950|0.1|NA|NA
293|151|1546|1980-01-01|F|2807|0.05|NA|NA
258|229|1504|1978-01-01|F|8498|0.06|NA|NA
346|237|1563|1984-01-01|M|5452|0.06|NA|NA
249|160|1563|1977-01-01|F|2345|0.1|NA|NA
246|171|1540|1977-01-01|F|2053|0.02|NA|NA
271|171|1637|1978-01-01|F|3113|0.12|NA|NA
58|1305|1379|1958-01-01|F|2889|0.1|NA|NA
169|71|1368|1969-01-01|F|2900|0.12|NA|NA
60|51|1386|1959-01-01|M|1611|0.12|NA|NA
75|1284|1459|1960-01-01|M|2944|0.05|NA|NA
1056|565|965|2003-01-01|F|1041|0.06|NA|NA
1156|661|942|2005-01-01|F|2127|0.12|NA|NA
1199|777|942|2006-01-01|F|3534|0.03|NA|NA
1073|565|942|2003-01-01|F|5722|0.07|NA|NA
1220|431|942|2007-01-01|M|2350|0.08|NA|NA
1097|565|961|2003-01-01|F|2824|0.1|NA|NA
1082|565|945|2003-01-01|M|4468|0.02|NA|NA
1058|515|957|2003-01-01|F|6922|0.05|NA|NA
1136|661|947|2004-01-01|F|2907|0.05|NA|NA
1086|674|947|2003-01-01|M|2024|0.04|NA|NA
1162|777|960|2005-01-01|M|6277|0.12|NA|NA
1212|455|949|2007-01-01|M|9444|0.1|NA|NA
1093|727|949|2003-01-01|F|6197|0.15|NA|NA
1124|700|949|2004-01-01|F|2908|0.04|NA|NA
1142|654|949|2005-01-01|F|2718|0.13|NA|NA
1144|510|955|2005-01-01|F|2353|0.05|NA|NA
1094|612|955|2003-01-01|F|6217|0.01|NA|NA
1182|911|976|2006-01-01|F|2852|0.04|NA|NA
1083|515|976|2003-01-01|M|9042|0.12|NA|NA
1069|571|974|2003-01-01|M|3088|0.09|NA|NA
1146|700|974|2005-01-01|F|5063|0.08|NA|NA
1171|510|975|2005-01-01|M|2350|0.01|NA|NA
1208|530|1011|2007-01-01|M|8842|0.04|NA|NA
1123|661|1011|2004-01-01|F|4464|0.13|NA|NA
1186|654|1011|2006-01-01|M|2612|0.11|NA|NA
1150|695|991|2005-01-01|M|1715|0.06|NA|NA
1195|696|991|2006-01-01|F|2364|0.08|NA|NA
1145|654|1007|2005-01-01|F|4950|0.1|NA|NA
1121|695|1007|2004-01-01|F|9243|0.12|NA|NA
1127|695|989|2004-01-01|M|3553|0.06|NA|NA
1116|700|980|2004-01-01|M|6416|0.03|NA|NA
1166|777|997|2005-01-01|F|2873|0.09|NA|NA
1179|911|1000|2006-01-01|F|3293|0.06|NA|NA
1219|696|1000|2007-01-01|M|2537|0.07|NA|NA
1117|510|1008|2004-01-01|F|2882|0.06|NA|NA
1168|654|1008|2005-01-01|F|3780|0.03|NA|NA
1196|696|984|2006-01-01|F|6064|0.01|NA|NA
1107|695|1030|2004-01-01|M|2610|0.06|NA|NA
1173|911|1030|2005-01-01|M|2516|0.15|NA|NA
1224|624|1041|2007-01-01|F|1695|0.1|NA|NA
1194|777|1041|2006-01-01|M|4914|0.01|NA|NA
1125|700|1024|2004-01-01|M|1611|0.15|NA|NA
1115|565|1048|2004-01-01|M|4617|0.08|NA|NA
1214|911|1042|2007-01-01|F|2516|0.11|NA|NA
1159|654|1042|2005-01-01|M|5632|0.06|NA|NA
1141|654|1022|2005-01-01|F|6170|0.01|NA|NA
1164|911|1031|2005-01-01|M|6197|0.03|NA|NA
1190|624|1031|2006-01-01|M|7536|0.04|NA|NA
1154|777|1045|2005-01-01|F|2807|0.15|NA|NA
1223|911|1045|2007-01-01|M|1682|0.04|NA|NA
1205|455|1039|2007-01-01|F|2807|0.09|NA|NA
1192|777|1039|2006-01-01|M|3157|0.12|NA|NA
1138|911|1035|2005-01-01|F|9243|0.14|NA|NA
1161|777|1027|2005-01-01|F|2944|0.08|NA|NA
1226|624|1051|2007-01-01|M|2336|0.15|NA|NA
1152|654|1037|2005-01-01|M|2538|0.14|NA|NA
1149|654|1014|2005-01-01|M|2907|0.12|NA|NA
1177|911|1072|2005-01-01|F|2803|0.08|NA|NA
1178|696|1062|2006-01-01|M|8708|0.13|NA|NA
1206|696|1062|2007-01-01|F|2333|0.1|NA|NA
1202|654|1092|2006-01-01|M|2735|0.08|NA|NA
1175|654|1080|2005-01-01|F|1337|0.12|NA|NA
1213|718|1085|2007-01-01|M|9204|0.12|NA|NA
1185|911|1101|2006-01-01|M|2907|0.12|NA|NA
103|71|1638|1963-01-01|F|2345|0.13|NA|NA
61|1285|1585|1959-01-01|F|3155|0.1|NA|NA
115|1288|1542|1964-01-01|M|4229|0.02|NA|NA
77|1301|1483|1961-01-01|M|3372|0.09|NA|NA
55|1330|1578|1957-01-01|F|2886|0.1|NA|NA
127|1228|1578|1965-01-01|F|3274|0.08|NA|NA
94|1318|1578|1962-01-01|M|1996|0.04|NA|NA
109|1347|1694|1964-01-01|F|2883|0.07|NA|NA
1189|696|1081|2006-01-01|M|2360|0.07|NA|NA
1222|718|1081|2007-01-01|M|1634|0.13|NA|NA
1183|654|1084|2006-01-01|M|3125|0.1|NA|NA
1215|624|1084|2007-01-01|M|6710|0.1|NA|NA
1184|654|1073|2006-01-01|F|3264|0.02|NA|NA
1227|428|1073|2008-01-01|M|2853|0.03|NA|NA
1200|911|1074|2006-01-01|M|8843|0.1|NA|NA
1181|777|1094|2006-01-01|F|2350|0.07|NA|NA
1225|718|1094|2007-01-01|F|2802|0.05|NA|NA
1201|696|1093|2006-01-01|M|2345|0.13|NA|NA
1218|419|1109|2007-01-01|F|1124|0.02|NA|NA
1188|777|1131|2006-01-01|F|5326|0.13|NA|NA
1210|911|1135|2007-01-01|M|8909|0.09|NA|NA
1203|911|1110|2006-01-01|F|2745|0.09|NA|NA
1211|571|1123|2007-01-01|M|1180|0.15|NA|NA
1207|571|1113|2007-01-01|F|2350|0.06|NA|NA
1217|710|1106|2007-01-01|M|2360|0.08|NA|NA
1221|571|1157|2007-01-01|F|2942|0.06|NA|NA
1209|571|1156|2007-01-01|M|2933|0.1|NA|NA
97|1234|1434|1962-01-01|M|2882|0.14|NA|NA
78|35|1545|1961-01-01|M|2863|0.1|NA|NA
116|77|1625|1964-01-01|F|2027|0.11|NA|NA
191|102|1588|1970-01-01|M|1681|0.13|NA|NA
98|1289|1421|1963-01-01|M|3372|0.12|NA|NA
92|63|1633|1962-01-01|M|2314|0.09|NA|NA
85|19|59|1961-01-01|M|2362|0.02|NA|NA
111|1298|1466|1964-01-01|F|1616|0.01|NA|NA
337|231|305|1983-01-01|M|3088|0.13|NA|NA
81|35|1526|1961-01-01|F|6073|0.01|NA|NA
135|1295|1470|1966-01-01|F|2828|0.01|NA|NA
106|85|1613|1963-01-01|M|5318|0.15|NA|NA
110|35|61|1964-01-01|M|2556|0.12|NA|NA
164|43|100|1968-01-01|M|2807|0.13|NA|NA
201|118|129|1972-01-01|F|6027|0.03|NA|NA
220|115|1537|1974-01-01|F|2338|0.12|NA|NA
302|189|1479|1980-01-01|M|9056|0.06|NA|NA
243|158|1602|1976-01-01|F|1735|0.12|NA|NA
287|191|185|1979-01-01|F|3252|0.07|NA|NA
221|140|1395|1974-01-01|F|6354|0.06|NA|NA
251|145|1443|1977-01-01|F|2803|0.02|NA|NA
281|191|1493|1979-01-01|F|1338|0.14|NA|NA
280|229|193|1979-01-01|F|7302|0.03|NA|NA
235|158|1404|1976-01-01|F|3176|0.07|NA|NA
226|161|1550|1975-01-01|F|2360|0.15|NA|NA
331|210|1485|1983-01-01|F|1783|0.08|NA|NA
282|229|220|1979-01-01|F|2345|0.15|NA|NA
277|142|1515|1979-01-01|F|2362|0.04|NA|NA
351|237|1576|1984-01-01|F|6156|0.07|NA|NA
345|204|236|1984-01-01|F|2345|0.04|NA|NA
288|247|236|1979-01-01|F|4573|0.04|NA|NA
321|210|239|1982-01-01|F|3087|0.11|NA|NA
306|176|252|1980-01-01|F|2802|0.15|NA|NA
314|207|254|1981-01-01|F|2345|0.07|NA|NA
303|266|254|1980-01-01|F|3940|0.11|NA|NA
327|204|1656|1983-01-01|F|6197|0.06|NA|NA
310|242|271|1981-01-01|F|2345|0.13|NA|NA
291|241|232|1979-01-01|F|3436|0.11|NA|NA
304|203|1422|1980-01-01|F|4537|0.02|NA|NA
274|149|1422|1979-01-01|F|1063|0.07|NA|NA
262|148|234|1978-01-01|F|6204|0.03|NA|NA
339|204|1372|1983-01-01|F|1996|0.05|NA|NA
335|222|255|1983-01-01|F|3661|0.06|NA|NA
268|200|221|1978-01-01|F|2340|0.09|NA|NA
134|75|103|1966-01-01|M|2912|0.08|NA|NA
263|187|228|1978-01-01|F|4852|0.15|NA|NA
118|80|1523|1964-01-01|M|6170|0.01|NA|NA
117|54|1641|1964-01-01|M|7536|0.1|NA|NA
180|1313|55|1970-01-01|M|2942|0.12|NA|NA
87|1276|55|1961-01-01|M|1372|0.11|NA|NA
158|60|1405|1968-01-01|M|2718|0.03|NA|NA
125|80|95|1965-01-01|M|2556|0.04|NA|NA
89|1271|1597|1962-01-01|M|9554|0.12|NA|NA
559|334|385|1992-01-01|M|2723|0.09|NA|NA
652|493|385|1994-01-01|F|2350|0.09|NA|NA
428|164|339|1988-01-01|M|2350|0.08|NA|NA
457|302|339|1990-01-01|M|3634|0.04|NA|NA
442|302|357|1989-01-01|M|2900|0.12|NA|NA
480|300|1406|1990-01-01|F|2723|0.06|NA|NA
491|334|413|1991-01-01|F|8575|0.07|NA|NA
510|180|1457|1991-01-01|M|3552|0.11|NA|NA
522|425|1457|1992-01-01|F|2714|0.15|NA|NA
99|47|1671|1963-01-01|M|3096|0.14|NA|NA
307|244|258|1981-01-01|F|2350|0.06|NA|NA
308|245|262|1981-01-01|F|3186|0.07|NA|NA
408|272|274|1987-01-01|M|3096|0.03|NA|NA
318|222|1685|1981-01-01|F|2360|0.12|NA|NA
316|240|285|1981-01-01|F|6060|0.06|NA|NA
612|192|291|1993-01-01|M|3036|0.14|NA|NA
315|245|259|1981-01-01|F|2732|0.01|NA|NA
338|253|288|1983-01-01|F|1510|0.03|NA|NA
320|240|293|1982-01-01|F|7546|0.11|NA|NA
358|237|306|1984-01-01|F|2054|0.03|NA|NA
70|1258|48|1960-01-01|F|2536|0.07|NA|NA
91|1239|1584|1962-01-01|M|2915|0.07|NA|NA
326|1363|1651|1982-01-01|M|2856|0.03|NA|NA
360|1274|1652|1985-01-01|F|8376|0.13|NA|NA
267|1304|1425|1978-01-01|F|2908|0.01|NA|NA
355|326|1686|1984-01-01|F|2824|0.01|NA|NA
313|1334|1598|1981-01-01|F|5318|0.03|NA|NA
323|1359|1414|1982-01-01|M|6156|0.13|NA|NA
377|1236|1447|1986-01-01|M|1485|0.01|NA|NA
322|1255|1382|1982-01-01|M|2360|0.04|NA|NA
361|1346|1451|1985-01-01|F|3434|0.08|NA|NA
344|1282|1554|1984-01-01|F|2364|0.11|NA|NA
348|323|267|1984-01-01|F|2340|0.08|NA|NA
312|203|226|1981-01-01|F|4573|0.03|NA|NA
269|148|1429|1978-01-01|F|2027|0.12|NA|NA
257|149|235|1978-01-01|F|2914|0.05|NA|NA
387|1326|1528|1986-01-01|F|1634|0.03|NA|NA
400|341|1689|1987-01-01|F|4719|0.01|NA|NA
365|1364|1394|1985-01-01|M|2886|0.12|NA|NA
373|1254|1432|1986-01-01|M|2905|0.14|NA|NA
362|1307|1610|1985-01-01|F|2333|0.09|NA|NA
420|1252|1524|1988-01-01|F|4717|0.08|NA|NA
446|1302|1592|1989-01-01|M|7304|0.01|NA|NA
396|365|344|1987-01-01|F|2946|0.04|NA|NA
434|373|361|1988-01-01|F|2360|0.05|NA|NA
423|377|313|1988-01-01|F|3553|0.04|NA|NA
412|1254|1624|1987-01-01|F|4665|0.13|NA|NA
777|1242|1535|1996-01-01|M|4229|0.14|NA|NA
140|1264|1455|1967-01-01|M|1682|0.12|NA|NA
329|231|303|1983-01-01|F|2338|0.11|NA|NA
336|211|314|1983-01-01|F|7232|0.06|NA|NA
393|284|321|1986-01-01|F|2802|0.14|NA|NA
399|272|321|1987-01-01|F|2914|0.07|NA|NA
405|297|304|1987-01-01|M|2714|0.08|NA|NA
379|210|1654|1986-01-01|F|4934|0.14|NA|NA
496|300|318|1991-01-01|M|3612|0.12|NA|NA
406|284|318|1987-01-01|F|2345|0.12|NA|NA
455|164|318|1989-01-01|M|1749|0.12|NA|NA
395|284|315|1987-01-01|F|2525|0.08|NA|NA
404|297|1424|1987-01-01|F|2610|0.07|NA|NA
330|211|316|1983-01-01|F|2333|0.14|NA|NA
366|231|316|1985-01-01|F|2747|0.14|NA|NA
352|211|307|1984-01-01|F|1033|0.07|NA|NA
378|284|308|1986-01-01|F|9225|0.09|NA|NA
375|284|320|1986-01-01|F|2803|0.02|NA|NA
403|272|1438|1987-01-01|M|2718|0.12|NA|NA
464|231|1438|1990-01-01|M|4950|0.06|NA|NA
654|1317|1383|1994-01-01|M|1595|0.01|NA|NA
93|47|1423|1962-01-01|F|1796|0.11|NA|NA
139|1264|1674|1967-01-01|M|2807|0.1|NA|NA
83|1348|1427|1961-01-01|F|2360|0.02|NA|NA
165|110|116|1968-01-01|M|9225|0.04|NA|NA
252|188|1688|1977-01-01|F|2340|0.05|NA|NA
236|98|1660|1976-01-01|F|8580|0.12|NA|NA
259|200|1521|1978-01-01|F|4228|0.08|NA|NA
255|177|1521|1977-01-01|F|1564|0.15|NA|NA
234|188|1416|1976-01-01|F|8847|0.02|NA|NA
254|177|1692|1977-01-01|F|2886|0.08|NA|NA
411|272|338|1987-01-01|F|2736|0.06|NA|NA
450|164|335|1989-01-01|F|2610|0.14|NA|NA
391|297|335|1986-01-01|F|2908|0.03|NA|NA
369|272|1389|1985-01-01|F|2883|0.11|NA|NA
398|272|352|1987-01-01|F|4432|0.11|NA|NA
449|164|1564|1989-01-01|M|2863|0.09|NA|NA
424|164|327|1988-01-01|F|2616|0.06|NA|NA
419|8|1478|1988-01-01|M|2338|0.01|NA|NA
531|334|329|1992-01-01|M|1485|0.07|NA|NA
426|272|329|1988-01-01|F|4718|0.14|NA|NA
386|297|329|1986-01-01|F|4717|0.02|NA|NA
482|425|329|1991-01-01|F|2054|0.03|NA|NA
392|265|345|1986-01-01|F|2887|0.08|NA|NA
389|265|358|1986-01-01|F|4937|0.11|NA|NA
380|265|350|1986-01-01|F|6717|0.11|NA|NA
108|47|70|1964-01-01|M|1933|0.15|NA|NA
195|35|1392|1971-01-01|F|2538|0.04|NA|NA
223|54|195|1974-01-01|M|2824|0.05|NA|NA
372|265|1527|1986-01-01|F|4717|0.02|NA|NA
401|265|1454|1987-01-01|F|2338|0.03|NA|NA
467|300|368|1990-01-01|F|2345|0.06|NA|NA
415|265|369|1988-01-01|F|3183|0.13|NA|NA
371|265|1464|1986-01-01|F|4628|0.15|NA|NA
388|265|351|1986-01-01|F|3775|0.13|NA|NA
714|493|1605|1995-01-01|M|2338|0.13|NA|NA
443|164|1605|1989-01-01|F|6214|0.06|NA|NA
489|334|1605|1991-01-01|F|1623|0.06|NA|NA
437|231|1448|1989-01-01|M|1534|0.02|NA|NA
608|479|1448|1993-01-01|F|2883|0.04|NA|NA
462|300|1673|1990-01-01|M|2612|0.14|NA|NA
451|265|1673|1989-01-01|F|2525|0.02|NA|NA
599|497|380|1993-01-01|M|6218|0.08|NA|NA
655|173|380|1994-01-01|M|1717|0.09|NA|NA
247|1256|215|1977-01-01|M|2353|0.09|NA|NA
305|247|238|1980-01-01|F|3508|0.12|NA|NA
260|148|1502|1978-01-01|F|6144|0.14|NA|NA
296|242|256|1980-01-01|F|8909|0.11|NA|NA
317|266|1640|1981-01-01|F|3114|0.09|NA|NA
142|47|1378|1967-01-01|M|3792|0.13|NA|NA
382|272|251|1986-01-01|F|3045|0.01|NA|NA
432|261|251|1988-01-01|F|6196|0.13|NA|NA
409|279|251|1987-01-01|F|1740|0.15|NA|NA
295|211|1449|1980-01-01|F|5637|0.06|NA|NA
101|1323|1446|1963-01-01|M|2852|0.15|NA|NA
113|1352|1591|1964-01-01|M|8306|0.04|NA|NA
133|47|1591|1966-01-01|M|1717|0.09|NA|NA
414|216|392|1988-01-01|F|3663|0.02|NA|NA
512|300|393|1991-01-01|F|2824|0.03|NA|NA
551|479|393|1992-01-01|F|8903|0.02|NA|NA
478|231|389|1990-01-01|F|2608|0.03|NA|NA
473|300|1508|1990-01-01|M|6197|0.09|NA|NA
532|334|1570|1992-01-01|F|9204|0.09|NA|NA
541|419|395|1992-01-01|F|6207|0.09|NA|NA
456|302|395|1990-01-01|F|2852|0.03|NA|NA
452|265|406|1989-01-01|F|2345|0.04|NA|NA
575|479|406|1993-01-01|M|2882|0.01|NA|NA
519|425|401|1992-01-01|M|2537|0.05|NA|NA
564|418|401|1993-01-01|F|3436|0.03|NA|NA
601|479|401|1993-01-01|F|6060|0.12|NA|NA
445|405|398|1989-01-01|F|1757|0.08|NA|NA
569|497|1559|1993-01-01|F|9308|0.07|NA|NA
500|334|1559|1991-01-01|M|8854|0.04|NA|NA
472|231|415|1990-01-01|M|4229|0.1|NA|NA
494|405|415|1991-01-01|F|3534|0.12|NA|NA
422|134|371|1988-01-01|M|2362|0.02|NA|NA
421|216|388|1988-01-01|F|1617|0.07|NA|NA
606|479|388|1993-01-01|F|8634|0.01|NA|NA
513|334|388|1992-01-01|F|4665|0.15|NA|NA
444|405|1630|1989-01-01|M|3216|0.08|NA|NA
460|272|386|1990-01-01|F|3087|0.11|NA|NA
508|425|391|1991-01-01|F|1716|0.13|NA|NA
471|300|1681|1990-01-01|F|3088|0.11|NA|NA
514|231|1681|1992-01-01|F|8580|0.09|NA|NA
498|425|1681|1991-01-01|F|4952|0.1|NA|NA
677|261|410|1995-01-01|M|2350|0.01|NA|NA
448|265|404|1989-01-01|F|2800|0.14|NA|NA
664|497|1529|1994-01-01|F|2830|0.13|NA|NA
553|231|1529|1992-01-01|M|2807|0.03|NA|NA
495|419|1529|1991-01-01|F|9107|0.01|NA|NA
447|405|411|1989-01-01|F|2827|0.09|NA|NA
440|405|399|1989-01-01|F|2345|0.05|NA|NA
544|419|399|1992-01-01|F|8580|0.06|NA|NA
591|479|399|1993-01-01|F|9240|0.15|NA|NA
643|422|426|1994-01-01|M|3434|0.04|NA|NA
610|425|426|1993-01-01|M|2829|0.12|NA|NA
300|1257|1369|1980-01-01|M|7546|0.11|NA|NA
299|189|206|1980-01-01|M|6113|0.12|NA|NA
143|54|1614|1967-01-01|M|2314|0.06|NA|NA
516|334|421|1992-01-01|F|2345|0.1|NA|NA
521|90|450|1992-01-01|F|3096|0.12|NA|NA
501|334|452|1991-01-01|M|9205|0.09|NA|NA
646|497|452|1994-01-01|M|6214|0.11|NA|NA
537|90|447|1992-01-01|F|5063|0.04|NA|NA
641|165|440|1994-01-01|M|2350|0.08|NA|NA
557|216|1465|1992-01-01|F|2914|0.05|NA|NA
585|422|1465|1993-01-01|F|2732|0.04|NA|NA
686|112|460|1995-01-01|M|9050|0.01|NA|NA
579|422|460|1993-01-01|F|2338|0.08|NA|NA
633|261|460|1994-01-01|M|5632|0.11|NA|NA
526|231|414|1992-01-01|F|1738|0.11|NA|NA
509|300|424|1991-01-01|M|3264|0.13|NA|NA
588|479|424|1993-01-01|F|2360|0.03|NA|NA
527|419|424|1992-01-01|M|2723|0.14|NA|NA
511|425|1679|1991-01-01|F|3400|0.1|NA|NA
618|479|1679|1993-01-01|F|4573|0.11|NA|NA
503|405|1437|1991-01-01|F|2353|0.11|NA|NA
555|231|451|1992-01-01|F|1736|0.12|NA|NA
790|444|451|1997-01-01|F|2732|0.04|NA|NA
659|210|451|1994-01-01|M|4717|0.09|NA|NA
765|210|451|1996-01-01|F|2912|0.13|NA|NA
504|334|448|1991-01-01|F|1338|0.09|NA|NA
517|334|1594|1992-01-01|F|2883|0.11|NA|NA
484|419|1505|1991-01-01|F|2863|0.01|NA|NA
492|334|445|1991-01-01|F|8353|0.12|NA|NA
857|575|445|1998-01-01|F|2360|0.03|NA|NA
583|497|445|1993-01-01|M|3416|0.05|NA|NA
802|575|445|1997-01-01|F|6133|0.08|NA|NA
556|90|445|1992-01-01|M|3538|0.03|NA|NA
774|575|445|1996-01-01|F|4719|0.09|NA|NA
592|497|1636|1993-01-01|F|5102|0.05|NA|NA
614|90|443|1993-01-01|M|1278|0.13|NA|NA
669|497|443|1995-01-01|M|1892|0.09|NA|NA
908|609|443|1999-01-01|F|2338|0.14|NA|NA
660|444|443|1994-01-01|M|2345|0.13|NA|NA
743|609|443|1996-01-01|F|2853|0.13|NA|NA
838|609|443|1997-01-01|F|4950|0.09|NA|NA
657|173|478|1994-01-01|F|9100|0.14|NA|NA
613|418|478|1993-01-01|F|2338|0.11|NA|NA
665|530|456|1994-01-01|F|2882|0.14|NA|NA
518|231|1373|1992-01-01|F|1806|0.08|NA|NA
645|422|1373|1994-01-01|F|3557|0.13|NA|NA
539|231|1480|1992-01-01|M|2338|0.06|NA|NA
604|497|1623|1993-01-01|F|3977|0.09|NA|NA
533|231|1590|1992-01-01|F|1485|0.11|NA|NA
781|461|471|1996-01-01|F|3538|0.01|NA|NA
160|47|1627|1968-01-01|M|6147|0.06|NA|NA
566|418|511|1993-01-01|F|1669|0.08|NA|NA
817|643|482|1997-01-01|F|3537|0.07|NA|NA
867|643|482|1998-01-01|F|1736|0.02|NA|NA
757|283|508|1996-01-01|F|5236|0.02|NA|NA
626|515|508|1994-01-01|F|3551|0.03|NA|NA
816|643|508|1997-01-01|F|4950|0.11|NA|NA
681|134|506|1995-01-01|M|3436|0.09|NA|NA
793|575|506|1997-01-01|F|8853|0.03|NA|NA
787|261|506|1996-01-01|F|6288|0.11|NA|NA
561|422|506|1993-01-01|F|1073|0.1|NA|NA
741|130|504|1996-01-01|M|2932|0.12|NA|NA
635|422|504|1994-01-01|F|3618|0.14|NA|NA
808|449|495|1997-01-01|F|2800|0.12|NA|NA
732|130|495|1996-01-01|F|7440|0.14|NA|NA
707|493|495|1995-01-01|M|3806|0.05|NA|NA
702|444|544|1995-01-01|F|6182|0.13|NA|NA
523|479|1458|1992-01-01|M|3550|0.03|NA|NA
549|90|467|1992-01-01|F|1624|0.03|NA|NA
578|418|1374|1993-01-01|M|3537|0.11|NA|NA
850|575|494|1998-01-01|F|2364|0.1|NA|NA
773|493|494|1996-01-01|M|1338|0.01|NA|NA
947|575|494|2000-01-01|F|2863|0.13|NA|NA
713|283|494|1995-01-01|M|8916|0.13|NA|NA
706|283|503|1995-01-01|F|9444|0.15|NA|NA
615|497|503|1993-01-01|F|2712|0.1|NA|NA
934|643|498|1999-01-01|M|4719|0.07|NA|NA
749|124|498|1996-01-01|M|9444|0.01|NA|NA
810|643|498|1997-01-01|M|2882|0.02|NA|NA
584|422|498|1993-01-01|M|4315|0.12|NA|NA
866|643|498|1998-01-01|F|2718|0.15|NA|NA
711|515|498|1995-01-01|M|1544|0.13|NA|NA
730|130|489|1996-01-01|M|2613|0.07|NA|NA
567|444|1555|1993-01-01|F|4704|0.08|NA|NA
672|210|1555|1995-01-01|F|2852|0.02|NA|NA
623|444|1553|1994-01-01|F|2873|0.01|NA|NA
830|449|541|1997-01-01|F|8570|0.08|NA|NA
76|1338|57|1961-01-01|F|2616|0.05|NA|NA
204|1313|1589|1972-01-01|M|2353|0.11|NA|NA
342|177|298|1983-01-01|F|3855|0.09|NA|NA
156|47|83|1968-01-01|F|2603|0.03|NA|NA
354|211|317|1984-01-01|F|2714|0.01|NA|NA
809|614|532|1997-01-01|M|1738|0.03|NA|NA
890|614|532|1998-01-01|F|8580|0.03|NA|NA
917|597|532|1999-01-01|F|1793|0.01|NA|NA
631|444|532|1994-01-01|F|7536|0.05|NA|NA
734|497|532|1996-01-01|F|3462|0.04|NA|NA
805|614|516|1997-01-01|M|9205|0.06|NA|NA
663|497|513|1994-01-01|F|2912|0.06|NA|NA
622|143|543|1994-01-01|M|2882|0.07|NA|NA
694|283|518|1995-01-01|M|2873|0.02|NA|NA
853|597|557|1998-01-01|F|2333|0.01|NA|NA
638|261|557|1994-01-01|M|2807|0.13|NA|NA
745|597|557|1996-01-01|M|6133|0.06|NA|NA
833|496|526|1997-01-01|M|3153|0.04|NA|NA
764|197|526|1996-01-01|F|9240|0.09|NA|NA
647|530|526|1994-01-01|M|2364|0.15|NA|NA
842|496|555|1997-01-01|F|3550|0.05|NA|NA
754|261|533|1996-01-01|M|2340|0.06|NA|NA
839|496|533|1997-01-01|F|1485|0.12|NA|NA
862|496|533|1998-01-01|M|9402|0.02|NA|NA
921|496|533|1999-01-01|F|6197|0.03|NA|NA
859|457|537|1998-01-01|F|4573|0.07|NA|NA
907|496|514|1999-01-01|M|2350|0.07|NA|NA
697|530|514|1995-01-01|F|2807|0.08|NA|NA
848|496|514|1998-01-01|M|4719|0.08|NA|NA
742|297|514|1996-01-01|M|2517|0.03|NA|NA
792|496|514|1997-01-01|F|5600|0.1|NA|NA
716|515|521|1995-01-01|M|1716|0.01|NA|NA
795|553|551|1997-01-01|F|6196|0.1|NA|NA
691|283|601|1995-01-01|F|5072|0.06|NA|NA
927|553|601|1999-01-01|M|6162|0.02|NA|NA
873|553|601|1998-01-01|F|2738|0.15|NA|NA
812|553|601|1997-01-01|M|4717|0.08|NA|NA
880|575|608|1998-01-01|M|2888|0.12|NA|NA
771|553|608|1996-01-01|F|3368|0.04|NA|NA
813|527|608|1997-01-01|F|3088|0.03|NA|NA
684|197|591|1995-01-01|F|2720|0.04|NA|NA
893|553|588|1998-01-01|F|2345|0.15|NA|NA
693|210|606|1995-01-01|M|3144|0.13|NA|NA
897|496|606|1998-01-01|F|3155|0.07|NA|NA
374|337|1561|1986-01-01|F|1072|0.15|NA|NA
407|272|1561|1987-01-01|F|4566|0.11|NA|NA
359|204|319|1984-01-01|F|8909|0.04|NA|NA
418|134|1517|1988-01-01|M|5073|0.01|NA|NA
474|164|1517|1990-01-01|M|5637|0.08|NA|NA
505|164|1517|1991-01-01|M|2942|0.03|NA|NA
383|197|311|1986-01-01|F|3472|0.04|NA|NA
572|265|309|1993-01-01|M|2338|0.15|NA|NA
177|102|1615|1970-01-01|M|6055|0.01|NA|NA
149|108|1544|1967-01-01|M|8909|0.15|NA|NA
155|1265|1616|1968-01-01|F|2855|0.11|NA|NA
1099|674|664|2003-01-01|M|2345|0.06|NA|NA
1004|643|664|2001-01-01|M|2735|0.12|NA|NA
985|643|664|2001-01-01|M|6277|0.15|NA|NA
946|643|664|2000-01-01|F|1783|0.1|NA|NA
772|461|664|1996-01-01|F|3045|0.13|NA|NA
902|609|664|1999-01-01|M|2360|0.07|NA|NA
885|527|664|1998-01-01|M|6207|0.01|NA|NA
895|651|645|1998-01-01|F|2603|0.09|NA|NA
747|651|645|1996-01-01|F|4412|0.03|NA|NA
799|651|579|1997-01-01|F|2946|0.14|NA|NA
835|651|579|1997-01-01|F|2338|0.1|NA|NA
735|461|569|1996-01-01|F|3823|0.14|NA|NA
173|35|136|1969-01-01|M|4703|0.13|NA|NA
953|575|585|2000-01-01|F|2360|0.05|NA|NA
701|493|585|1995-01-01|F|2606|0.07|NA|NA
819|651|585|1997-01-01|M|4932|0.15|NA|NA
855|651|585|1998-01-01|M|2714|0.14|NA|NA
878|444|585|1998-01-01|M|6207|0.08|NA|NA
770|530|613|1996-01-01|F|2354|0.09|NA|NA
229|1264|93|1975-01-01|M|9243|0.04|NA|NA
324|245|1410|1982-01-01|F|3183|0.1|NA|NA
298|211|1371|1980-01-01|F|2720|0.13|NA|NA
294|204|257|1980-01-01|F|3088|0.07|NA|NA
328|299|260|1983-01-01|F|4426|0.11|NA|NA
349|211|1490|1984-01-01|F|3624|0.14|NA|NA
319|222|263|1981-01-01|F|2907|0.05|NA|NA
325|177|281|1982-01-01|F|9216|0.14|NA|NA
356|204|1646|1984-01-01|F|3078|0.07|NA|NA
340|299|1646|1983-01-01|F|6405|0.12|NA|NA
370|231|287|1985-01-01|F|1562|0.14|NA|NA
594|199|282|1993-01-01|F|1682|0.06|NA|NA
309|222|280|1981-01-01|F|4719|0.14|NA|NA
416|261|280|1988-01-01|F|4719|0.02|NA|NA
333|299|289|1983-01-01|F|4622|0.03|NA|NA
353|204|1477|1984-01-01|F|1338|0.1|NA|NA
737|614|554|1996-01-01|M|3153|0.12|NA|NA
668|444|554|1994-01-01|F|4950|0.08|NA|NA
900|662|554|1999-01-01|M|3216|0.07|NA|NA
827|614|554|1997-01-01|M|2556|0.14|NA|NA
823|449|657|1997-01-01|F|1660|0.15|NA|NA
744|449|665|1996-01-01|M|9470|0.01|NA|NA
807|449|665|1997-01-01|F|2362|0.1|NA|NA
856|461|665|1998-01-01|F|2883|0.12|NA|NA
966|643|663|2000-01-01|F|2852|0.07|NA|NA
818|643|663|1997-01-01|F|2807|0.08|NA|NA
937|643|663|1999-01-01|M|8008|0.09|NA|NA
1001|1338|663|2001-01-01|M|2735|0.14|NA|NA
938|461|697|1999-01-01|F|6234|0.06|NA|NA
798|461|697|1997-01-01|M|6023|0.14|NA|NA
941|597|697|2000-01-01|M|1484|0.02|NA|NA
996|643|697|2001-01-01|M|3782|0.07|NA|NA
253|1231|1635|1977-01-01|M|2364|0.1|NA|NA
151|108|76|1967-01-01|M|2852|0.05|NA|NA
80|1249|1460|1961-01-01|M|5063|0.02|NA|NA
152|87|1566|1968-01-01|F|6242|0.13|NA|NA
1112|1338|1566|2004-01-01|F|2338|0.12|NA|NA
1088|1338|1566|2003-01-01|F|3157|0.15|NA|NA
212|1291|1566|1973-01-01|M|2516|0.06|NA|NA
376|334|1566|1986-01-01|F|2350|0.02|NA|NA
162|1344|1566|1968-01-01|F|1694|0.13|NA|NA
183|1320|1566|1970-01-01|F|2863|0.03|NA|NA
826|610|1566|1997-01-01|F|1718|0.06|NA|NA
899|1338|1566|1999-01-01|M|2907|0.12|NA|NA
82|38|1566|1961-01-01|F|8916|0.14|NA|NA
166|87|1566|1968-01-01|F|2360|0.03|NA|NA
114|1338|1566|1964-01-01|F|3932|0.08|NA|NA
205|1338|1566|1972-01-01|M|3042|0.11|NA|NA
1387|105|NA|NA|F|NA|NA|NA|NA
